,City,Cloudiness,Country,Date,Humidity,Lat,Long,Max Temp,Wind Speed,New_date
0,Butaritari,99,KI,1588632312,82,3.07,172.79,28.2,7.04,2020-05-04 22:45:12
1,Port Hardy,90,CA,1588632312,62,50.7,-127.42,12.0,10.3,2020-05-04 22:45:12
2,Saskylakh,100,RU,1588632313,94,71.92,114.08,-13.42,5.28,2020-05-04 22:45:13
3,Busselton,99,AU,1588632313,74,-33.65,115.33,13.33,6.41,2020-05-04 22:45:13
4,Souillac,20,MU,1588632313,78,-20.52,57.52,24.0,2.6,2020-05-04 22:45:13
5,Upernavik,100,GL,1588632313,95,72.79,-56.15,-6.04,8.95,2020-05-04 22:45:13
6,George Town,20,MY,1588632314,94,5.41,100.34,27.0,1.5,2020-05-04 22:45:14
7,Hofn,100,IS,1588632315,78,64.25,-15.21,7.48,9.14,2020-05-04 22:45:15
8,Cap-aux-Meules,90,CA,1588632315,87,47.38,-61.86,3.0,11.3,2020-05-04 22:45:15
9,Bethel,75,US,1588632315,47,41.37,-73.41,13.0,7.7,2020-05-04 22:45:15
10,Punta Arenas,0,CL,1588632316,80,-53.15,-70.92,5.0,1.5,2020-05-04 22:45:16
11,Cape Town,53,ZA,1588632275,93,-33.93,18.42,15.56,3.6,2020-05-04 22:44:35
12,Dikson,93,RU,1588632316,85,73.51,80.55,-14.37,2.62,2020-05-04 22:45:16
13,Mataura,80,NZ,1588632317,89,-46.19,168.86,6.42,4.04,2020-05-04 22:45:17
14,Bredasdorp,18,ZA,1588632317,87,-34.53,20.04,13.0,2.21,2020-05-04 22:45:17
15,Esna,0,EG,1588632317,36,25.29,32.55,25.0,3.99,2020-05-04 22:45:17
16,Huntington,1,US,1588632244,35,38.42,-82.45,22.0,3.1,2020-05-04 22:44:04
17,Derzhavīnsk,0,KZ,1588632318,52,51.1,66.32,7.31,2.8,2020-05-04 22:45:18
18,Ancud,55,CL,1588632318,76,-41.87,-73.82,12.0,2.1,2020-05-04 22:45:18
19,Bluff,73,NZ,1588632319,74,-46.6,168.33,8.12,9.9,2020-05-04 22:45:19
20,Bambous Virieux,20,MU,1588632319,78,-20.34,57.76,24.44,2.6,2020-05-04 22:45:19
21,Tasiilaq,0,GL,1588632320,38,65.61,-37.64,6.0,4.6,2020-05-04 22:45:20
22,Isiolo,36,KE,1588632320,59,0.35,37.58,19.96,3.31,2020-05-04 22:45:20
23,Cabo San Lucas,5,MX,1588632320,16,22.89,-109.91,34.0,7.2,2020-05-04 22:45:20
24,Beloha,0,MG,1588632321,89,-25.17,45.05,17.57,2.59,2020-05-04 22:45:21
25,Port Alfred,0,ZA,1588632321,89,-33.59,26.89,15.56,0.45,2020-05-04 22:45:21
26,Castro,0,BR,1588632322,50,-24.79,-50.01,12.71,1.1,2020-05-04 22:45:22
27,Jiménez,40,MX,1588632322,8,28.33,-105.4,36.0,7.2,2020-05-04 22:45:22
28,Naantali,90,FI,1588632323,100,60.47,22.02,4.44,1.0,2020-05-04 22:45:23
29,Rikitea,98,PF,1588632129,71,-23.12,-134.97,22.96,5.74,2020-05-04 22:42:09
30,Ushuaia,1,AR,1588632078,81,-54.8,-68.3,7.0,10.3,2020-05-04 22:41:18
31,Tupik,0,RU,1588632324,45,54.43,119.93,5.82,1.16,2020-05-04 22:45:24
32,Aykhal,90,RU,1588632324,74,66.0,111.5,1.0,5.0,2020-05-04 22:45:24
33,Ardrishaig,3,GB,1588632325,66,56.02,-5.45,9.0,5.1,2020-05-04 22:45:25
34,Khatanga,78,RU,1588632325,92,71.97,102.5,-16.64,6.61,2020-05-04 22:45:25
35,Carnarvon,90,AU,1588632325,100,-24.87,113.63,16.0,2.6,2020-05-04 22:45:25
36,Freeport,1,US,1588632028,38,40.66,-73.58,16.11,8.2,2020-05-04 22:40:28
37,Goderich,0,CA,1588632326,68,43.75,-81.72,4.44,5.87,2020-05-04 22:45:26
38,Zhengjiatun,52,CN,1588632326,37,43.51,123.51,13.04,0.72,2020-05-04 22:45:26
39,Hegra,85,NO,1588632327,86,63.46,11.11,4.0,4.1,2020-05-04 22:45:27
40,Honningsvåg,75,NO,1588632327,79,70.98,25.97,4.0,7.7,2020-05-04 22:45:27
41,Hualmay,59,PE,1588632328,79,-11.1,-77.61,20.66,4.98,2020-05-04 22:45:28
42,New Norfolk,66,AU,1588632328,90,-42.78,147.06,8.33,1.42,2020-05-04 22:45:28
43,Fairlie,26,GB,1588632328,80,55.76,-4.86,7.22,0.45,2020-05-04 22:45:28
44,Yellowknife,20,CA,1588632329,51,62.46,-114.35,4.0,2.1,2020-05-04 22:45:29
45,Vaini,40,TO,1588632330,78,-21.2,-175.2,27.0,2.6,2020-05-04 22:45:30
46,Nanortalik,100,GL,1588632330,86,60.14,-45.24,2.12,2.99,2020-05-04 22:45:30
47,Isangel,97,VU,1588632330,73,-19.55,169.27,26.82,2.64,2020-05-04 22:45:30
48,Leningradskiy,0,RU,1588632331,88,69.38,178.42,-5.04,1.4,2020-05-04 22:45:31
49,Lata,96,PT,1588632331,86,40.16,-8.33,16.67,0.89,2020-05-04 22:45:31
50,Mehamn,75,NO,1588632332,79,71.04,27.85,4.0,7.7,2020-05-04 22:45:32
51,Abbeville,88,FR,1588632332,83,50.1,1.83,10.0,6.04,2020-05-04 22:45:32
52,Puerto Ayora,75,EC,1588632332,74,-0.74,-90.35,28.0,7.7,2020-05-04 22:45:32
53,Kyra,0,RU,1588632333,38,49.58,111.98,7.18,0.68,2020-05-04 22:45:33
54,Quba,97,AZ,1588632333,41,41.36,48.52,15.78,3.37,2020-05-04 22:45:33
55,Meulaboh,100,ID,1588632333,83,4.14,96.13,24.97,1.61,2020-05-04 22:45:33
56,Pisco,75,PE,1588632334,77,-13.7,-76.22,20.56,9.3,2020-05-04 22:45:34
57,Lenger,90,KZ,1588632334,87,42.18,69.88,16.0,3.0,2020-05-04 22:45:34
58,Provideniya,6,RU,1588632335,62,64.38,-173.3,3.48,1.36,2020-05-04 22:45:35
59,Atuona,0,PF,1588632335,70,-9.8,-139.03,27.73,8.07,2020-05-04 22:45:35
60,Saint Paul Harbor,90,US,1588632335,87,57.79,-152.41,9.0,4.1,2020-05-04 22:45:35
61,Cockburn Town,64,TC,1588632126,74,21.46,-71.14,26.81,4.57,2020-05-04 22:42:06
62,Morgan City,75,US,1588632336,61,29.7,-91.21,27.78,3.6,2020-05-04 22:45:36
63,Mahébourg,20,MU,1588632337,78,-20.41,57.7,24.0,2.6,2020-05-04 22:45:37
64,Laibin,31,CN,1588632337,83,23.7,109.27,25.15,2.35,2020-05-04 22:45:37
65,Albany,69,US,1588632204,55,42.6,-73.97,10.56,6.3,2020-05-04 22:43:24
66,Araouane,0,ML,1588632338,11,18.9,-3.53,31.05,2.75,2020-05-04 22:45:38
67,Saint-Philippe,41,RE,1588632338,73,-21.36,55.77,24.0,2.6,2020-05-04 22:45:38
68,Nikolskoye,93,RU,1588632338,93,59.7,30.79,4.0,2.0,2020-05-04 22:45:38
69,Taltal,27,CL,1588632339,79,-25.4,-70.48,15.38,2.12,2020-05-04 22:45:39
70,Port Elizabeth,5,ZA,1588632339,100,-33.92,25.57,14.0,1.0,2020-05-04 22:45:39
71,Torbay,40,CA,1588632339,85,47.67,-52.73,4.0,4.6,2020-05-04 22:45:39
72,Gacko,0,BA,1588632340,55,43.17,18.54,3.08,1.04,2020-05-04 22:45:40
73,Hermanus,40,ZA,1588632340,83,-34.42,19.23,15.0,1.79,2020-05-04 22:45:40
74,Joshīmath,71,IN,1588632341,23,30.57,79.57,9.75,2.22,2020-05-04 22:45:41
75,São João da Barra,21,BR,1588632314,73,-21.64,-41.05,21.75,2.86,2020-05-04 22:45:14
76,Kaitangata,27,NZ,1588632341,72,-46.28,169.85,8.89,6.71,2020-05-04 22:45:41
77,Hilo,1,US,1588632341,54,19.73,-155.09,29.0,5.7,2020-05-04 22:45:41
78,Ubari,0,LY,1588632342,19,26.59,12.78,21.62,2.64,2020-05-04 22:45:42
79,Lagunas,16,PE,1588632342,87,-5.23,-75.68,25.97,1.29,2020-05-04 22:45:42
80,Dombås,31,NO,1588632342,86,62.07,9.12,-6.11,1.97,2020-05-04 22:45:42
81,Kainantu,100,PG,1588632343,60,-6.29,145.87,18.83,0.78,2020-05-04 22:45:43
82,Kandi,58,BJ,1588632343,38,11.13,2.94,32.06,2.01,2020-05-04 22:45:43
83,Trincomalee,26,LK,1588632343,79,8.57,81.23,27.91,2.0,2020-05-04 22:45:43
84,Hobart,40,AU,1588632227,87,-42.88,147.33,10.56,4.1,2020-05-04 22:43:47
85,Arlit,68,NE,1588632344,10,18.74,7.39,32.33,4.96,2020-05-04 22:45:44
86,Katobu,48,ID,1588632345,88,-4.94,122.53,25.45,0.58,2020-05-04 22:45:45
87,Chui,99,UY,1588632345,95,-33.7,-53.46,14.11,1.36,2020-05-04 22:45:45
88,Severo-Kuril'sk,100,RU,1588632313,93,50.68,156.12,3.71,10.45,2020-05-04 22:45:13
89,Umluj,85,SA,1588632346,54,25.02,37.27,25.45,0.33,2020-05-04 22:45:46
90,Nebaj,87,GT,1588632346,65,15.41,-91.15,19.44,2.24,2020-05-04 22:45:46
91,Sawtell,75,AU,1588632346,82,-30.38,153.1,15.0,5.7,2020-05-04 22:45:46
92,Aden,100,YE,1588632163,78,12.78,45.04,29.96,6.26,2020-05-04 22:42:43
93,Cherskiy,100,RU,1588632347,96,68.75,161.3,-2.05,1.56,2020-05-04 22:45:47
94,Kaiu,83,EE,1588632347,93,59.01,25.06,4.0,2.1,2020-05-04 22:45:47
95,Arraial do Cabo,5,BR,1588632348,72,-22.97,-42.03,22.45,4.87,2020-05-04 22:45:48
96,Coahuayana Viejo,75,MX,1588632348,42,18.73,-103.68,29.0,7.7,2020-05-04 22:45:48
97,San Quintín,0,MX,1588632348,60,30.48,-115.95,21.57,8.65,2020-05-04 22:45:48
98,Bac Lieu,8,VN,1588632349,73,9.29,105.72,28.47,2.12,2020-05-04 22:45:49
99,Faya,90,SA,1588632350,63,18.39,42.45,19.0,3.24,2020-05-04 22:45:50
100,Rocha,100,UY,1588632350,94,-34.48,-54.33,13.59,1.91,2020-05-04 22:45:50
101,Springfield,90,US,1588632351,82,37.22,-93.3,17.22,6.7,2020-05-04 22:45:51
102,Dudinka,40,RU,1588632351,85,69.41,86.18,-12.0,13.0,2020-05-04 22:45:51
103,Jamestown,90,US,1588632184,59,42.1,-79.24,8.33,3.6,2020-05-04 22:43:04
104,Avarua,4,CK,1588632352,83,-21.21,-159.78,27.0,2.1,2020-05-04 22:45:52
105,Bubaque,13,GW,1588632353,77,11.28,-15.83,25.93,7.85,2020-05-04 22:45:53
106,Bandarbeyla,100,SO,1588632353,75,9.49,50.81,28.27,3.63,2020-05-04 22:45:53
107,Mount Gambier,2,AU,1588632354,100,-37.83,140.77,7.0,3.6,2020-05-04 22:45:54
108,Shahrud,0,IR,1588632354,29,36.42,54.98,16.54,1.01,2020-05-04 22:45:54
109,Río Gallegos,24,AR,1588632354,80,-51.62,-69.22,5.0,4.6,2020-05-04 22:45:54
110,Brae,91,GB,1588632355,69,60.4,-1.35,3.0,2.6,2020-05-04 22:45:55
111,East London,0,ZA,1588632355,74,-33.02,27.91,18.45,4.82,2020-05-04 22:45:55
112,Doha,0,QA,1588632082,44,25.29,51.53,26.67,1.0,2020-05-04 22:41:22
113,Ust-Kuyga,1,RU,1588632356,92,70.02,135.6,-6.47,1.63,2020-05-04 22:45:56
114,College,40,US,1588632357,33,64.86,-147.8,15.56,1.5,2020-05-04 22:45:57
115,Morondava,0,MG,1588632357,66,-20.28,44.28,23.91,3.98,2020-05-04 22:45:57
116,Katsuura,75,JP,1588632357,100,35.13,140.3,21.11,2.38,2020-05-04 22:45:57
117,Orël-Izumrud,90,RU,1588632357,77,43.46,39.92,17.0,3.0,2020-05-04 22:45:57
118,Constitución,98,CL,1588632358,78,-35.33,-72.42,14.42,3.85,2020-05-04 22:45:58
119,Vostok,32,RU,1588632358,58,46.49,135.88,5.77,1.67,2020-05-04 22:45:58
120,Sitka,40,US,1588632359,46,57.05,-135.33,12.0,4.6,2020-05-04 22:45:59
121,Hithadhoo,60,MV,1588632366,73,-0.6,73.08,29.19,4.7,2020-05-04 22:46:06
122,Zafra,100,ES,1588632366,66,38.42,-6.42,17.22,2.68,2020-05-04 22:46:06
123,Butka,0,RU,1588632367,63,56.72,63.79,5.14,2.43,2020-05-04 22:46:07
124,Alice Springs,0,AU,1588632367,60,-23.7,133.88,5.0,2.1,2020-05-04 22:46:07
125,Kapaa,75,US,1588632368,61,22.08,-159.32,27.0,8.7,2020-05-04 22:46:08
126,Cidreira,34,BR,1588632368,75,-30.18,-50.21,19.35,4.82,2020-05-04 22:46:08
127,Qaanaaq,100,GL,1588632368,93,77.48,-69.36,-8.18,1.58,2020-05-04 22:46:08
128,Shimoda,56,JP,1588632369,81,34.67,138.95,21.67,0.32,2020-05-04 22:46:09
129,Tuktoyaktuk,20,CA,1588632369,78,69.45,-133.04,-9.0,5.1,2020-05-04 22:46:09
130,Kruisfontein,12,ZA,1588632370,73,-34.0,24.73,14.32,2.91,2020-05-04 22:46:10
131,Moose Factory,75,CA,1588632370,58,51.26,-80.61,-4.0,4.1,2020-05-04 22:46:10
132,Kapoeta,72,SS,1588632370,53,4.77,33.59,26.2,4.47,2020-05-04 22:46:10
133,Bowen,0,AU,1588632371,73,-20.02,148.23,23.33,2.6,2020-05-04 22:46:11
134,Laurel,1,US,1588632264,31,39.1,-76.85,20.0,5.1,2020-05-04 22:44:24
135,Morón,88,AR,1588632298,100,-34.65,-58.62,16.11,2.12,2020-05-04 22:44:58
136,Great Yarmouth,0,GB,1588632372,89,52.61,1.73,9.44,3.13,2020-05-04 22:46:12
137,Vila Franca do Campo,40,PT,1588632372,82,37.72,-25.43,16.0,10.3,2020-05-04 22:46:12
138,Ilulissat,100,GL,1588632372,67,69.22,-51.1,-5.0,4.1,2020-05-04 22:46:12
139,Muros,43,ES,1588632373,81,42.78,-9.06,15.56,7.15,2020-05-04 22:46:13
140,Whitehorse,40,CA,1588632251,25,60.72,-135.05,12.0,4.1,2020-05-04 22:44:11
141,Pachino,0,IT,1588632373,88,36.72,15.09,12.78,2.59,2020-05-04 22:46:13
142,Kasungu,0,MW,1588632374,51,-13.03,33.48,16.03,2.78,2020-05-04 22:46:14
143,Baiyin,94,CN,1588632374,66,36.56,104.21,17.78,2.0,2020-05-04 22:46:14
144,Umm Kaddadah,22,SD,1588632374,11,13.6,26.69,28.12,3.36,2020-05-04 22:46:14
145,Lac du Bonnet,100,CA,1588632375,38,50.25,-96.06,11.11,2.51,2020-05-04 22:46:15
146,Biak,100,ID,1588632375,80,-0.91,122.88,26.19,2.78,2020-05-04 22:46:15
147,Santa Fe,61,AR,1588632376,86,-31.63,-60.7,17.78,1.34,2020-05-04 22:46:16
148,Kinel’-Cherkassy,0,RU,1588632376,65,53.47,51.47,11.92,3.1,2020-05-04 22:46:16
149,Tālbahat,77,IN,1588632376,36,25.05,78.43,30.06,5.87,2020-05-04 22:46:16
150,Lebu,65,CL,1588632377,92,-37.62,-73.65,14.12,2.22,2020-05-04 22:46:17
151,Acaraú,98,BR,1588632377,87,-2.89,-40.12,25.98,7.49,2020-05-04 22:46:17
152,Lompoc,1,US,1588632377,46,34.64,-120.46,21.0,8.7,2020-05-04 22:46:17
153,Saint-Pierre,2,RE,1588632378,73,-21.34,55.48,24.0,2.6,2020-05-04 22:46:18
154,Rochegda,100,RU,1588632378,93,62.8,43.25,6.47,0.56,2020-05-04 22:46:18
155,Westport,75,US,1588632378,52,41.14,-73.36,14.44,7.91,2020-05-04 22:46:18
156,Sistranda,40,NO,1588632379,86,63.73,8.83,4.0,6.2,2020-05-04 22:46:19
157,Paraúna,21,BR,1588632379,56,-16.95,-50.45,20.06,1.25,2020-05-04 22:46:19
158,Sānwer,0,IN,1588632186,38,22.98,75.83,27.18,5.46,2020-05-04 22:43:06
159,Vestmannaeyjar,39,IS,1588632380,82,63.44,-20.27,7.76,10.76,2020-05-04 22:46:20
160,Caravelas,9,BR,1588632380,77,-17.71,-39.25,22.36,2.44,2020-05-04 22:46:20
161,Luau,10,AO,1588632381,64,-10.71,22.22,18.81,1.42,2020-05-04 22:46:21
162,Gizo Government Station,61,SB,1588632381,73,-8.1,156.84,28.99,4.49,2020-05-04 22:46:21
163,Alofi,40,NU,1588632381,70,-19.06,-169.92,29.0,7.2,2020-05-04 22:46:21
164,Balad,94,IQ,1588632382,14,34.02,44.15,28.53,6.15,2020-05-04 22:46:22
165,Linxia Chengguanzhen,63,CN,1588632382,33,35.6,103.21,13.65,0.12,2020-05-04 22:46:22
166,Kaeo,1,NZ,1588632382,66,-35.1,173.78,16.67,6.71,2020-05-04 22:46:22
167,Kirakira,37,SB,1588632383,72,-10.45,161.92,29.21,2.69,2020-05-04 22:46:23
168,Flinders,26,AU,1588632383,76,-34.58,150.86,15.56,1.34,2020-05-04 22:46:23
169,Emerald,1,AU,1588632383,36,-23.53,148.17,18.89,7.2,2020-05-04 22:46:23
170,Ambulu,16,ID,1588632384,87,-8.35,113.61,24.87,1.61,2020-05-04 22:46:24
171,Cap Malheureux,5,MU,1588632384,75,-19.98,57.61,24.44,1.34,2020-05-04 22:46:24
172,Santo Domingo,14,DO,1588632384,94,18.5,-69.99,28.33,2.61,2020-05-04 22:46:24
173,Mocuba,53,MZ,1588632385,94,-16.84,36.99,19.17,1.38,2020-05-04 22:46:25
174,Hobyo,71,SO,1588632385,77,5.35,48.53,28.92,5.65,2020-05-04 22:46:25
175,Alcântara,75,BR,1588632385,94,-2.41,-44.41,26.0,2.6,2020-05-04 22:46:25
176,Port Said,0,EG,1588632386,77,31.26,32.28,20.0,1.5,2020-05-04 22:46:26
177,Nanga Eboko,73,CM,1588632386,75,4.68,12.37,21.37,0.87,2020-05-04 22:46:26
178,Requena,4,ES,1588632386,72,39.49,-1.1,16.67,1.13,2020-05-04 22:46:26
179,Itarema,100,BR,1588632387,89,-2.92,-39.92,25.72,7.74,2020-05-04 22:46:27
180,Curup,99,ID,1588632387,77,-3.47,102.53,20.53,1.01,2020-05-04 22:46:27
181,Rawson,100,AR,1588632387,64,-43.3,-65.1,11.74,9.44,2020-05-04 22:46:27
182,Trairi,99,BR,1588632388,90,-3.28,-39.27,25.34,6.53,2020-05-04 22:46:28
183,Norfolk,71,US,1588632388,54,42.17,-71.25,15.56,0.89,2020-05-04 22:46:28
184,Daura,87,NG,1588632388,44,11.55,11.41,28.37,3.0,2020-05-04 22:46:28
185,Evensk,100,RU,1588632389,92,61.95,159.23,-2.03,4.29,2020-05-04 22:46:29
186,Nioro,16,GM,1588632389,47,13.35,-15.75,24.84,3.99,2020-05-04 22:46:29
187,Katunino,4,RU,1588632389,93,64.39,40.63,3.0,1.0,2020-05-04 22:46:29
188,Nova Olinda do Norte,95,BR,1588632390,92,-3.89,-59.09,25.28,0.1,2020-05-04 22:46:30
189,Kalmunai,100,LK,1588632390,78,7.42,81.82,27.3,0.52,2020-05-04 22:46:30
190,LaBelle,20,US,1588632391,33,26.76,-81.44,33.0,1.5,2020-05-04 22:46:31
191,Yar-Sale,60,RU,1588632391,91,66.83,70.83,-10.32,3.23,2020-05-04 22:46:31
192,Cristalina,10,BR,1588632391,61,-16.77,-47.61,15.91,2.29,2020-05-04 22:46:31
193,Bereket,42,TM,1588632392,36,39.24,55.52,24.0,2.48,2020-05-04 22:46:32
194,Mount Isa,1,AU,1588632392,23,-20.73,139.5,15.0,3.1,2020-05-04 22:46:32
195,Tsimmerbude,90,RU,1588632392,87,54.67,20.13,8.0,3.0,2020-05-04 22:46:32
196,Cascais,93,PT,1588632094,81,38.7,-9.42,18.33,4.24,2020-05-04 22:41:34
197,Luanda,40,AO,1588632327,88,-8.84,13.23,26.0,1.5,2020-05-04 22:45:27
198,Bathsheba,20,BB,1588632393,69,13.22,-59.52,28.0,9.3,2020-05-04 22:46:33
199,Vao,100,NC,1588632393,77,-22.67,167.48,22.47,9.46,2020-05-04 22:46:33
200,Peñarroya-Pueblonuevo,100,ES,1588632394,82,38.3,-5.27,18.0,3.1,2020-05-04 22:46:34
201,Guerrero Negro,0,MX,1588632394,62,27.98,-114.06,21.59,9.43,2020-05-04 22:46:34
202,Moree,0,AU,1588632395,71,-29.47,149.85,11.0,3.21,2020-05-04 22:46:35
203,Samarai,100,PG,1588632395,86,-10.62,150.67,26.7,7.86,2020-05-04 22:46:35
204,Nhulunbuy,40,AU,1588632395,74,-12.23,136.77,27.0,4.6,2020-05-04 22:46:35
205,Kavieng,98,PG,1588632396,77,-2.57,150.8,29.1,4.94,2020-05-04 22:46:36
206,Verkhniy Baskunchak,1,RU,1588632396,43,48.23,46.72,17.99,7.56,2020-05-04 22:46:36
207,Codrington,1,AU,1588632396,81,-38.27,141.97,10.88,3.99,2020-05-04 22:46:36
208,Madang,100,PG,1588632396,90,-5.22,145.8,25.55,3.03,2020-05-04 22:46:36
209,Port-Gentil,40,GA,1588632397,94,-0.72,8.78,28.0,1.0,2020-05-04 22:46:37
210,Angul,21,IN,1588632257,80,20.85,85.1,27.68,4.55,2020-05-04 22:44:17
211,Touros,40,BR,1588632397,94,-5.2,-35.46,25.0,2.1,2020-05-04 22:46:37
212,Ponta do Sol,20,PT,1588632398,59,32.67,-17.1,18.0,2.1,2020-05-04 22:46:38
213,Vaitape,7,PF,1588632341,77,-16.52,-151.75,28.16,5.25,2020-05-04 22:45:41
214,Sept-Îles,90,CA,1588632398,80,50.2,-66.38,4.0,2.1,2020-05-04 22:46:38
215,Sinnamary,91,GF,1588632398,86,5.38,-52.95,25.93,6.1,2020-05-04 22:46:38
216,Williamsburg,1,US,1588632305,27,37.27,-76.71,26.0,5.54,2020-05-04 22:45:05
217,Quatre Cocos,20,MU,1588632399,78,-20.21,57.76,24.44,2.6,2020-05-04 22:46:39
218,Faanui,8,PF,1588632399,77,-16.48,-151.75,27.68,5.2,2020-05-04 22:46:39
219,Mayo,1,US,1588632399,32,38.89,-76.51,20.0,7.2,2020-05-04 22:46:39
220,Sakaiminato,75,JP,1588632400,82,35.55,133.23,15.0,5.7,2020-05-04 22:46:40
221,Verkhoyansk,0,RU,1588632400,88,67.54,133.38,-4.01,1.2,2020-05-04 22:46:40
222,Manokwari,100,ID,1588632400,70,-0.87,134.08,27.47,1.95,2020-05-04 22:46:40
223,Ostrovnoy,15,RU,1588632401,88,68.05,39.51,1.51,7.11,2020-05-04 22:46:41
224,Roald,100,NO,1588632401,74,62.58,6.13,3.33,2.6,2020-05-04 22:46:41
225,Haining,75,CN,1588632401,88,30.54,120.69,21.0,3.0,2020-05-04 22:46:41
226,Port Hedland,0,AU,1588632402,77,-20.32,118.57,15.0,3.6,2020-05-04 22:46:42
227,Kamloops,20,CA,1588632402,24,50.67,-120.32,19.0,6.7,2020-05-04 22:46:42
228,Kudahuvadhoo,100,MV,1588632402,79,2.67,72.89,28.93,7.9,2020-05-04 22:46:42
229,Longyearbyen,41,SJ,1588632403,91,78.22,15.64,-6.35,2.27,2020-05-04 22:46:43
230,Olafsvik,97,IS,1588632403,79,64.89,-23.71,6.22,12.73,2020-05-04 22:46:43
231,Powell,1,US,1588632385,44,40.16,-83.08,16.11,5.1,2020-05-04 22:46:25
232,Cayenne,100,GF,1588632404,100,4.93,-52.33,25.0,6.15,2020-05-04 22:46:44
233,Cabedelo,75,BR,1588632404,83,-6.98,-34.83,26.0,3.1,2020-05-04 22:46:44
234,Fortuna,20,US,1588632342,45,40.6,-124.16,17.22,6.7,2020-05-04 22:45:42
235,Luan,39,CH,1588632404,67,46.36,6.98,14.0,0.5,2020-05-04 22:46:44
236,Datong,0,CN,1588632405,50,40.09,113.29,12.58,1.61,2020-05-04 22:46:45
237,Haines Junction,65,CA,1588632405,48,60.75,-137.51,8.26,2.55,2020-05-04 22:46:45
238,Coyhaique,40,CL,1588632405,87,-45.58,-72.07,7.0,0.08,2020-05-04 22:46:45
239,Iqaluit,90,CA,1588632406,66,63.75,-68.51,-9.0,1.0,2020-05-04 22:46:46
240,Bengkulu,99,ID,1588632406,85,-3.8,102.27,24.54,2.21,2020-05-04 22:46:46
241,Bam,11,IR,1588632406,17,29.11,58.36,24.31,2.15,2020-05-04 22:46:46
242,Bilibino,0,RU,1588632406,86,68.05,166.44,-6.71,0.91,2020-05-04 22:46:46
243,Sioux Falls,90,US,1588632407,87,43.55,-96.7,11.0,3.1,2020-05-04 22:46:47
244,Le Port,23,RE,1588632407,78,-20.94,55.29,24.0,4.6,2020-05-04 22:46:47
245,Omaruru,0,NA,1588632407,20,-21.43,15.93,17.1,1.43,2020-05-04 22:46:47
246,Puro,100,PH,1588632407,76,12.48,123.38,28.64,4.75,2020-05-04 22:46:47
247,Kahului,40,US,1588632354,54,20.89,-156.47,29.0,9.8,2020-05-04 22:45:54
248,Grindavik,90,IS,1588632408,87,63.84,-22.43,7.0,13.9,2020-05-04 22:46:48
249,Watsa,100,CD,1588632408,74,3.04,29.54,18.76,0.74,2020-05-04 22:46:48
250,Malbork,97,PL,1588632408,100,54.04,19.03,8.89,4.09,2020-05-04 22:46:48
251,Voh,100,NC,1588632409,86,-20.97,164.7,22.45,2.11,2020-05-04 22:46:49
252,Saint Anthony,1,US,1588632409,38,45.02,-93.22,16.0,4.1,2020-05-04 22:46:49
253,Tarko-Sale,21,RU,1588632409,96,64.92,77.78,-8.57,5.02,2020-05-04 22:46:49
254,Şibot,75,RO,1588632409,100,45.95,23.33,9.0,1.0,2020-05-04 22:46:49
255,Templin,6,DE,1588632410,75,53.12,13.5,5.56,2.95,2020-05-04 22:46:50
256,Daru,100,PG,1588632410,86,-9.08,143.21,26.95,8.03,2020-05-04 22:46:50
257,Barrow,1,US,1588632410,84,71.29,-156.79,-13.0,5.1,2020-05-04 22:46:50
258,Caucayá,67,CO,1588632410,86,-0.19,-74.78,24.7,0.65,2020-05-04 22:46:50
259,Vilcún,100,CL,1588632411,93,-38.65,-72.23,13.0,2.6,2020-05-04 22:46:51
260,Houston,40,US,1588632396,52,29.76,-95.36,32.22,5.1,2020-05-04 22:46:36
261,Altay,91,CN,1588632411,53,47.87,88.12,8.99,1.69,2020-05-04 22:46:51
262,Nome,1,US,1588632412,45,64.5,-165.41,7.0,5.1,2020-05-04 22:46:52
263,Tezu,7,IN,1588632412,68,27.92,96.17,20.81,1.72,2020-05-04 22:46:52
264,Charters Towers,0,AU,1588632412,54,-20.1,146.27,18.93,7.2,2020-05-04 22:46:52
265,Vardø,75,NO,1588632413,93,70.37,31.11,2.0,4.6,2020-05-04 22:46:53
266,Sittwe,62,MM,1588632413,80,20.15,92.9,26.65,2.17,2020-05-04 22:46:53
267,Phalodi,0,IN,1588632413,44,27.13,72.37,27.12,3.7,2020-05-04 22:46:53
268,Lanzhou,70,CN,1588632413,29,36.06,103.79,17.78,1.1,2020-05-04 22:46:53
269,Alépé,40,CI,1588632414,100,5.5,-3.66,27.0,1.5,2020-05-04 22:46:54
270,Quang Ngai,6,VN,1588632414,88,15.12,108.8,24.29,2.27,2020-05-04 22:46:54
271,Mongo,100,TD,1588632414,47,12.18,18.69,26.35,1.07,2020-05-04 22:46:54
272,Amga,52,RU,1588632415,72,60.9,131.96,2.76,1.28,2020-05-04 22:46:55
273,Zabul Province,0,AF,1588632415,24,32.25,67.25,15.46,3.04,2020-05-04 22:46:55
274,Hong Kong,30,HK,1588632260,78,22.29,114.16,26.67,4.92,2020-05-04 22:44:20
275,Chino Valley,1,US,1588632416,11,34.76,-112.45,28.33,1.5,2020-05-04 22:46:56
276,Xam Nua,55,LA,1588632416,61,20.42,104.04,20.92,1.25,2020-05-04 22:46:56
277,Thunder Bay,20,CA,1588632321,33,48.4,-89.32,8.0,3.6,2020-05-04 22:45:21
278,Zhigansk,80,RU,1588632417,95,66.77,123.37,-1.78,4.42,2020-05-04 22:46:57
279,Sterling,20,US,1588632417,28,39.01,-77.43,21.0,9.3,2020-05-04 22:46:57
280,Tuatapere,100,NZ,1588632417,81,-46.13,167.68,7.05,6.19,2020-05-04 22:46:57
281,Hinnerup,0,DK,1588632418,81,56.27,10.06,5.0,2.1,2020-05-04 22:46:58
282,Clyde River,1,CA,1588632418,85,70.47,-68.59,-11.0,2.6,2020-05-04 22:46:58
283,Salalah,40,OM,1588632418,83,17.02,54.09,29.0,2.6,2020-05-04 22:46:58
284,Grande Rivière Noire,20,MU,1588632418,78,-20.36,57.37,24.44,2.6,2020-05-04 22:46:58
285,Salinas,1,US,1588632419,43,36.68,-121.66,21.0,7.7,2020-05-04 22:46:59
286,Bellevue,75,US,1588632419,34,47.61,-122.2,20.0,2.6,2020-05-04 22:46:59
287,Solnechnyy,44,RU,1588632419,57,50.72,136.63,3.99,3.49,2020-05-04 22:46:59
288,Aklavik,20,CA,1588632421,43,68.22,-135.01,1.0,3.6,2020-05-04 22:47:01
289,Porbandar,0,IN,1588632421,87,21.64,69.61,26.91,4.43,2020-05-04 22:47:01
290,Talnakh,40,RU,1588632422,85,69.49,88.4,-12.0,13.0,2020-05-04 22:47:02
291,Esperance,75,AU,1588632422,100,-33.87,121.9,16.0,2.1,2020-05-04 22:47:02
292,Muisne,75,EC,1588632422,88,0.6,-80.03,28.0,3.6,2020-05-04 22:47:02
293,Puerto Colombia,75,CO,1588632395,74,10.99,-74.95,30.0,5.1,2020-05-04 22:46:35
294,Geraldton,75,AU,1588632314,88,-28.77,114.6,20.0,2.1,2020-05-04 22:45:14
295,Nantucket,75,US,1588632423,51,41.28,-70.1,16.0,4.1,2020-05-04 22:47:03
296,Chokurdakh,100,RU,1588632423,97,70.63,147.92,-6.48,1.38,2020-05-04 22:47:03
297,Perevolotskiy,0,RU,1588632424,51,51.88,54.19,10.24,2.84,2020-05-04 22:47:04
298,Saldanha,68,ZA,1588632424,82,-33.01,17.94,13.0,2.1,2020-05-04 22:47:04
299,Lopatyn,100,UA,1588632424,78,50.22,24.85,8.78,1.81,2020-05-04 22:47:04
300,Monte Patria,1,CL,1588632424,50,-30.69,-70.95,16.59,0.86,2020-05-04 22:47:04
301,Stokmarknes,100,NO,1588632425,78,68.56,14.91,3.89,4.02,2020-05-04 22:47:05
302,Ngama,91,TD,1588632425,43,11.78,17.17,26.55,0.87,2020-05-04 22:47:05
303,Chicama,77,PE,1588632425,69,-7.84,-79.15,22.88,4.06,2020-05-04 22:47:05
304,Sundargarh,2,IN,1588632426,65,22.12,84.03,27.1,1.93,2020-05-04 22:47:06
305,Laas,40,IT,1588632426,70,46.62,10.7,9.0,1.61,2020-05-04 22:47:06
306,Tautira,34,PF,1588632426,66,-17.73,-149.15,31.0,1.5,2020-05-04 22:47:06
307,Pevek,96,RU,1588632426,95,69.7,170.31,-8.28,2.79,2020-05-04 22:47:06
308,Ustka,58,PL,1588632427,87,54.58,16.86,5.97,3.37,2020-05-04 22:47:07
309,Coração de Jesus,17,BR,1588632427,61,-16.69,-44.37,18.59,2.0,2020-05-04 22:47:07
310,Todos Santos,0,MX,1588632427,78,23.45,-110.22,20.56,2.24,2020-05-04 22:47:07
311,Padang,49,ID,1588632428,74,-0.95,100.35,26.28,2.14,2020-05-04 22:47:08
312,Abilene,1,US,1588632205,22,32.45,-99.73,38.33,7.7,2020-05-04 22:43:25
313,Māngrol,0,IN,1588632428,85,21.12,70.12,27.12,4.64,2020-05-04 22:47:08
314,Pag,62,HR,1588632429,93,44.45,15.06,7.0,1.5,2020-05-04 22:47:09
315,Boulder,1,US,1588632429,16,40.08,-105.35,19.44,11.3,2020-05-04 22:47:09
316,Puerto Quijarro,34,BO,1588632429,54,-17.78,-57.77,26.53,1.35,2020-05-04 22:47:09
317,Jumla,55,NP,1588632429,32,29.27,82.18,8.36,1.64,2020-05-04 22:47:09
318,Ghanzi,5,BW,1588632430,19,-21.57,21.78,17.29,3.99,2020-05-04 22:47:10
319,‘Āhuimanu,20,US,1588632430,51,21.44,-157.84,29.0,7.7,2020-05-04 22:47:10
320,Kamenka,49,RU,1588632430,64,51.32,42.77,13.33,5.06,2020-05-04 22:47:10
321,Kot Samaba,0,PK,1588632430,40,28.55,70.47,26.85,2.53,2020-05-04 22:47:10
322,Turukhansk,81,RU,1588632431,95,65.82,87.98,-5.44,4.72,2020-05-04 22:47:11
323,Yerofey Pavlovich,31,RU,1588632431,40,53.97,121.97,8.07,0.59,2020-05-04 22:47:11
324,Ugoofaaru,100,MV,1588632431,79,5.67,73.0,29.24,5.45,2020-05-04 22:47:11
325,Adolfo López Mateos,0,MX,1588632432,15,28.47,-107.3,30.56,2.24,2020-05-04 22:47:12
326,Broome,90,US,1588632432,70,42.25,-75.83,7.22,5.7,2020-05-04 22:47:12
327,Saint-François,62,FR,1588632432,67,46.42,3.91,17.0,3.6,2020-05-04 22:47:12
328,Labuhan,59,ID,1588632432,86,-6.88,112.21,25.65,2.45,2020-05-04 22:47:12
329,Najrān,75,SA,1588632433,93,17.49,44.13,19.0,5.1,2020-05-04 22:47:13
330,Nuevo Progreso,29,MX,1588632433,62,23.17,-97.95,30.0,3.13,2020-05-04 22:47:13
331,Yumen,100,CN,1588632433,21,40.28,97.2,14.06,2.6,2020-05-04 22:47:13
332,Saint George,1,US,1588632259,13,37.1,-113.58,28.33,3.6,2020-05-04 22:44:19
333,Camacha,20,PT,1588632434,72,33.08,-16.33,19.0,4.6,2020-05-04 22:47:14
334,Ndélé,43,CF,1588632434,68,8.41,20.65,24.36,1.34,2020-05-04 22:47:14
335,Tatvan,94,TR,1588632434,42,38.51,42.28,7.69,1.35,2020-05-04 22:47:14
336,Minuri,29,PH,1588632434,75,16.54,121.86,26.66,1.02,2020-05-04 22:47:14
337,Tura,0,IN,1588632435,68,25.52,90.22,22.38,1.69,2020-05-04 22:47:15
338,Wapi Pathum,51,TH,1588632435,94,15.85,103.38,31.67,2.66,2020-05-04 22:47:15
339,Nālūt,40,LY,1588632435,20,30.33,10.85,23.16,5.8,2020-05-04 22:47:15
340,Alice Town,0,BS,1588632435,62,25.72,-79.3,25.32,3.01,2020-05-04 22:47:15
341,Keti Bandar,0,PK,1588632436,85,24.14,67.45,27.3,6.8,2020-05-04 22:47:16
342,Fare,7,PF,1588632436,73,-16.7,-151.02,28.44,4.43,2020-05-04 22:47:16
343,Avera,40,US,1588632436,45,33.19,-82.53,30.0,3.6,2020-05-04 22:47:16
344,Sørland,100,NO,1588632381,78,67.67,12.69,3.88,9.05,2020-05-04 22:46:21
345,Abu Dhabi,0,AE,1588632164,74,24.47,54.37,27.78,1.5,2020-05-04 22:42:44
346,Pokhara,32,NP,1588632437,43,28.23,83.98,18.5,2.05,2020-05-04 22:47:17
347,Kyabé,78,TD,1588632437,50,9.45,18.94,27.58,2.47,2020-05-04 22:47:17
348,Broken Hill,0,AU,1588632232,87,-31.95,141.43,7.0,2.1,2020-05-04 22:43:52
349,Omboué,100,GA,1588632438,91,-1.57,9.26,26.01,2.16,2020-05-04 22:47:18
350,Tiksi,100,RU,1588632438,97,71.69,128.87,-7.73,4.25,2020-05-04 22:47:18
351,Semey,77,KZ,1588632438,59,50.41,80.23,6.08,3.27,2020-05-04 22:47:18
352,Berlevåg,97,NO,1588632439,85,70.86,29.09,3.43,9.7,2020-05-04 22:47:19
353,Airai,100,TL,1588632334,64,-8.93,125.41,16.77,1.83,2020-05-04 22:45:34
354,Te Anau,95,NZ,1588632440,79,-45.42,167.72,5.72,3.23,2020-05-04 22:47:20
355,Brooks,99,CA,1588632282,88,50.58,-111.89,6.11,7.15,2020-05-04 22:44:42
356,Thompson,40,CA,1588632440,34,55.74,-97.86,10.0,2.1,2020-05-04 22:47:20
357,San Cristobal,40,VE,1588632440,55,7.77,-72.22,32.0,4.1,2020-05-04 22:47:20
358,Sakakah,90,SA,1588632441,14,29.97,40.21,27.0,3.6,2020-05-04 22:47:21
359,Lázaro Cárdenas,7,MX,1588632335,53,17.96,-102.2,28.46,4.81,2020-05-04 22:45:35
360,Tambura,66,SS,1588632441,65,5.6,27.47,22.33,0.8,2020-05-04 22:47:21
361,Portoferraio,0,IT,1588632442,98,42.81,10.31,17.78,2.24,2020-05-04 22:47:22
362,Mabay,0,PH,1588632442,70,6.06,124.47,28.33,1.26,2020-05-04 22:47:22
363,Beringovskiy,28,RU,1588632442,93,63.05,179.32,-2.4,3.24,2020-05-04 22:47:22
364,Breţcu,100,RO,1588632443,92,46.05,26.3,9.44,0.89,2020-05-04 22:47:23
365,Salò,17,IT,1588632443,59,45.61,10.53,16.11,3.1,2020-05-04 22:47:23
366,Kidal,44,ML,1588632443,26,18.44,1.41,30.05,4.06,2020-05-04 22:47:23
367,Ōhara,75,JP,1588632443,100,35.25,140.38,18.89,1.5,2020-05-04 22:47:23
368,Teupasenti,75,HN,1588632444,40,14.22,-86.7,30.0,2.1,2020-05-04 22:47:24
369,Nabire,100,ID,1588632381,91,-3.37,135.48,24.8,2.63,2020-05-04 22:46:21
370,Kortkeros,75,RU,1588632445,81,61.81,51.58,12.0,2.0,2020-05-04 22:47:25
371,Maceió,40,BR,1588632445,100,-9.67,-35.74,24.0,0.5,2020-05-04 22:47:25
372,Sucúa,20,EC,1588632445,69,-2.47,-78.17,24.0,3.6,2020-05-04 22:47:25
373,Multan,40,PK,1588632446,78,30.2,71.48,25.0,2.27,2020-05-04 22:47:26
374,Kilindoni,7,TZ,1588632446,78,-7.91,39.67,27.57,8.51,2020-05-04 22:47:26
375,Kloulklubed,75,PW,1588632446,88,7.04,134.26,27.0,2.55,2020-05-04 22:47:26
376,Bilma,0,NE,1588632446,11,18.69,12.92,29.07,6.87,2020-05-04 22:47:26
377,Rafaela,40,AR,1588632447,88,-31.25,-61.49,17.22,1.92,2020-05-04 22:47:27
378,Marabba,53,SD,1588632447,40,12.35,32.18,28.76,3.54,2020-05-04 22:47:27
379,San Joaquin,83,VE,1588632447,69,10.26,-67.79,25.47,4.01,2020-05-04 22:47:27
380,Sola,41,VU,1588632447,72,-13.88,167.55,28.35,2.82,2020-05-04 22:47:27
381,Tevaitoa,1,PF,1588632448,77,-16.78,-151.5,28.33,5.41,2020-05-04 22:47:28
382,Eufaula,0,US,1588632448,55,31.89,-85.15,30.56,2.46,2020-05-04 22:47:28
383,Inhambane,0,MZ,1588632448,76,-23.86,35.38,20.82,2.94,2020-05-04 22:47:28
384,Laguna,1,US,1588632449,17,38.42,-121.42,29.44,3.04,2020-05-04 22:47:29
385,Sabang,68,ID,1588632449,75,5.89,95.32,28.59,4.78,2020-05-04 22:47:29
386,Maïné Soroa,19,NE,1588632449,38,13.21,12.02,28.88,4.35,2020-05-04 22:47:29
387,Vila Velha,26,BR,1588632431,73,-20.33,-40.29,24.0,2.6,2020-05-04 22:47:11
388,Chumikan,100,RU,1588632450,88,54.72,135.31,1.5,1.4,2020-05-04 22:47:30
389,Kuril'sk,100,RU,1588632450,92,45.23,147.88,5.42,7.77,2020-05-04 22:47:30
390,Buraidah,75,SA,1588632450,42,26.33,43.98,29.0,11.3,2020-05-04 22:47:30
391,Dali,14,CN,1588632451,48,25.7,100.18,13.29,2.23,2020-05-04 22:47:31
392,Klaksvík,100,FO,1588632451,75,62.23,-6.59,7.0,6.2,2020-05-04 22:47:31
393,Maragogi,39,BR,1588632451,77,-9.01,-35.22,25.68,3.11,2020-05-04 22:47:31
394,Dalbandin,0,PK,1588632451,17,28.89,64.41,26.11,0.93,2020-05-04 22:47:31
395,Ilebo,46,CD,1588632452,79,-4.32,20.58,23.06,0.83,2020-05-04 22:47:32
396,Statesboro,1,US,1588632353,37,32.45,-81.78,32.0,3.6,2020-05-04 22:45:53
397,Oranjemund,0,NA,1588632452,78,-28.55,16.43,14.64,5.8,2020-05-04 22:47:32
398,Pemangkat,89,ID,1588632452,87,1.17,108.97,25.83,1.98,2020-05-04 22:47:32
399,Korla,100,CN,1588632453,28,41.76,86.15,19.8,3.69,2020-05-04 22:47:33
400,Chenzhou,96,CN,1588632453,76,25.8,113.03,25.68,2.36,2020-05-04 22:47:33
401,Pokosnoye,100,RU,1588632453,76,55.53,101.05,9.35,3.14,2020-05-04 22:47:33
402,Santa Isabel,6,BR,1588632454,82,-23.32,-46.22,17.0,2.1,2020-05-04 22:47:34
403,Penzance,90,GB,1588632454,76,50.12,-5.54,12.22,17.0,2020-05-04 22:47:34
404,Alekseyevka,73,RU,1588632454,85,50.63,38.69,13.0,2.68,2020-05-04 22:47:34
405,Campo Verde,20,BR,1588632454,57,-20.42,-54.07,24.0,1.5,2020-05-04 22:47:34
406,Hasaki,75,JP,1588632455,100,35.73,140.83,18.89,1.5,2020-05-04 22:47:35
407,Ahipara,37,NZ,1588632455,68,-35.17,173.17,16.48,7.17,2020-05-04 22:47:35
408,Yakeshi,0,CN,1588632455,56,49.28,120.73,6.2,1.79,2020-05-04 22:47:35
409,Fernie,75,CA,1588632456,25,49.5,-115.07,14.0,4.1,2020-05-04 22:47:36
410,Sandwick,81,GB,1588632456,62,60.0,-1.25,4.0,2.31,2020-05-04 22:47:36
411,Healdsburg,40,US,1588632421,27,38.61,-122.87,26.0,5.1,2020-05-04 22:47:01
412,Romodanovo,70,RU,1588632456,63,54.43,45.33,12.25,4.33,2020-05-04 22:47:36
413,Preobrazheniye,0,RU,1588632457,49,42.9,133.91,10.56,1.54,2020-05-04 22:47:37
414,Mogadishu,100,SO,1588632252,78,2.04,45.34,28.26,5.24,2020-05-04 22:44:12
415,Chengde,18,CN,1588632457,55,40.97,117.94,13.68,0.65,2020-05-04 22:47:37
416,Alugan,100,PH,1588632457,84,12.22,125.48,28.12,3.55,2020-05-04 22:47:37
417,Ribeira Grande,62,PT,1588632458,77,38.52,-28.7,16.25,10.64,2020-05-04 22:47:38
418,Novopavlovka,31,RU,1588632458,42,51.22,109.21,6.01,1.85,2020-05-04 22:47:38
419,Carauari,99,BR,1588632458,94,-4.88,-66.9,24.07,0.25,2020-05-04 22:47:38
420,Zhezkazgan,90,KZ,1588632459,46,47.8,67.71,7.86,6.34,2020-05-04 22:47:39
421,Quesnel,75,CA,1588632179,26,53.0,-122.5,16.0,6.7,2020-05-04 22:42:59
422,Nikšić,0,ME,1588632459,93,42.77,18.94,17.0,0.5,2020-05-04 22:47:39
423,Matara,100,LK,1588632459,87,5.95,80.54,26.55,2.29,2020-05-04 22:47:39
424,High Level,40,CA,1588632460,29,58.52,-117.14,19.0,5.7,2020-05-04 22:47:40
425,Melville,1,US,1588632300,38,40.79,-73.42,16.0,8.2,2020-05-04 22:45:00
426,Las Margaritas,78,MX,1588632460,33,16.32,-91.98,23.92,3.51,2020-05-04 22:47:40
427,Porgera,100,PG,1588632460,46,-5.47,143.2,6.15,0.72,2020-05-04 22:47:40
428,Nantong,100,CN,1588632461,87,32.03,120.87,18.89,0.45,2020-05-04 22:47:41
429,Matamoros,75,MX,1588632461,16,25.53,-103.25,37.0,2.6,2020-05-04 22:47:41
430,Yangi Marg`ilon,98,UZ,1588632461,55,40.43,71.72,18.0,1.0,2020-05-04 22:47:41
431,Teya,100,RU,1588632462,84,60.38,92.63,3.05,4.9,2020-05-04 22:47:42
432,Lübben,31,DE,1588632462,91,51.95,13.9,7.22,2.36,2020-05-04 22:47:42
433,Nouadhibou,0,MR,1588632462,88,20.93,-17.03,19.0,8.7,2020-05-04 22:47:42
434,Bitung,40,ID,1588632462,94,1.45,125.18,24.0,1.72,2020-05-04 22:47:42
435,Gīdam,42,IN,1588632463,63,18.98,81.4,25.67,1.01,2020-05-04 22:47:43
436,Jasper,90,US,1588632326,88,37.2,-94.35,20.0,4.1,2020-05-04 22:45:26
437,Tucuruí,93,BR,1588632463,90,-3.77,-49.67,25.17,0.83,2020-05-04 22:47:43
438,Batemans Bay,0,AU,1588632463,86,-35.72,150.18,13.33,1.02,2020-05-04 22:47:43
439,Namatanai,79,PG,1588632464,79,-3.67,152.43,28.5,3.79,2020-05-04 22:47:44
440,Grand Gaube,7,MU,1588632464,75,-20.01,57.66,24.44,1.34,2020-05-04 22:47:44
441,Kikwit,43,CD,1588632464,76,-5.04,18.82,23.02,0.97,2020-05-04 22:47:44
442,Kotka,79,FI,1588632464,93,60.47,26.95,5.0,0.5,2020-05-04 22:47:44
443,Mbala,35,ZM,1588632465,50,-8.84,31.37,15.31,3.94,2020-05-04 22:47:45
444,Adrar,0,MR,1588632465,10,20.5,-10.07,32.61,3.33,2020-05-04 22:47:45
445,Makakilo City,75,US,1588632465,54,21.35,-158.09,29.0,6.7,2020-05-04 22:47:45
446,Chemal,75,RU,1588632465,68,51.41,86.0,3.28,0.57,2020-05-04 22:47:45
447,Sīrjān,25,IR,1588632466,20,29.45,55.68,18.66,2.11,2020-05-04 22:47:46
448,Steamboat Springs,75,US,1588632339,34,40.48,-106.83,11.67,7.7,2020-05-04 22:45:39
449,Srednekolymsk,100,RU,1588632466,98,67.45,153.68,-1.99,3.84,2020-05-04 22:47:46
450,Kevsala,100,RU,1588632466,91,45.8,42.69,14.53,1.95,2020-05-04 22:47:46
451,Kovdor,100,RU,1588632467,89,67.57,30.48,0.69,3.72,2020-05-04 22:47:47
452,Mikhaylovsk,100,RU,1588632467,87,45.13,42.03,13.89,2.0,2020-05-04 22:47:47
453,Baykit,100,RU,1588632467,77,61.67,96.37,4.68,3.78,2020-05-04 22:47:47
454,Mar del Plata,34,AR,1588632212,77,-38.0,-57.56,17.78,2.1,2020-05-04 22:43:32
455,Lagoa,31,PT,1588632332,79,39.05,-27.98,15.93,11.57,2020-05-04 22:45:32
456,Seoul,90,KR,1588632275,67,37.57,126.98,17.0,1.23,2020-05-04 22:44:35
457,Saratovskaya,40,RU,1588632469,93,44.71,39.22,15.0,1.0,2020-05-04 22:47:49
458,Surgut,0,RU,1588632469,86,61.25,73.42,-2.0,2.0,2020-05-04 22:47:49
459,Praia,40,CV,1588632470,73,14.92,-23.51,24.0,6.7,2020-05-04 22:47:50
460,Atar,0,MR,1588632470,12,20.52,-13.05,30.37,3.14,2020-05-04 22:47:50
461,Ixtapa,75,MX,1588632470,78,20.7,-105.2,27.0,5.1,2020-05-04 22:47:50
462,Gijang,75,KR,1588632471,67,35.24,129.21,17.0,1.5,2020-05-04 22:47:51
463,Oyama,75,JP,1588632471,100,36.3,139.8,17.0,2.1,2020-05-04 22:47:51
464,Atocha,98,BO,1588632472,10,-20.93,-66.23,10.93,3.03,2020-05-04 22:47:52
465,Novomikhaylovskiy,45,RU,1588632472,78,44.26,38.86,14.38,1.74,2020-05-04 22:47:52
466,Kavaratti,45,IN,1588632472,81,10.57,72.64,29.8,6.44,2020-05-04 22:47:52
467,Vadlapūdi,0,IN,1588632472,73,14.32,79.8,27.68,5.85,2020-05-04 22:47:52
468,Hays,0,US,1588632473,34,30.05,-98.03,35.0,6.86,2020-05-04 22:47:53
469,Porto Seguro,40,BR,1588632473,73,-16.45,-39.06,24.0,1.5,2020-05-04 22:47:53
470,Waycross,1,US,1588632473,20,31.21,-82.35,31.11,3.6,2020-05-04 22:47:53
471,Dingle,92,PH,1588632473,79,11.0,122.67,27.97,1.87,2020-05-04 22:47:53
472,Bonavista,99,CA,1588632474,84,48.65,-53.11,3.33,3.58,2020-05-04 22:47:54
473,Peniche,100,PT,1588632474,87,39.36,-9.38,15.56,3.58,2020-05-04 22:47:54
474,Sisimiut,100,GL,1588632474,92,66.94,-53.67,-3.73,3.95,2020-05-04 22:47:54
475,Porto Velho,40,BR,1588632323,94,-8.76,-63.9,26.0,1.5,2020-05-04 22:45:23
476,Singaparna,79,ID,1588632475,78,-7.35,108.11,22.13,1.41,2020-05-04 22:47:55
477,Saint-Joseph,21,RE,1588632475,73,-21.37,55.62,24.0,2.6,2020-05-04 22:47:55
478,Oudtshoorn,7,ZA,1588632475,87,-33.59,22.2,14.0,2.6,2020-05-04 22:47:55
479,Pitimbu,75,BR,1588632476,83,-7.47,-34.81,26.0,3.1,2020-05-04 22:47:56
480,Narsaq,99,GL,1588632476,60,60.92,-46.05,5.0,3.1,2020-05-04 22:47:56
481,Dunedin,56,NZ,1588632475,65,-45.87,170.5,11.11,0.89,2020-05-04 22:47:55
482,Sinjār,100,IQ,1588632477,46,36.32,41.88,18.47,4.26,2020-05-04 22:47:57
483,Tank,16,PK,1588632247,46,32.22,70.38,23.93,0.88,2020-05-04 22:44:07
484,Mâncio Lima,71,BR,1588632339,87,-7.61,-72.9,24.35,0.59,2020-05-04 22:45:39
485,Złotów,100,PL,1588632477,86,53.36,17.04,7.22,2.86,2020-05-04 22:47:57
486,Kasongo-Lunda,93,CD,1588632477,77,-6.47,16.82,22.86,0.08,2020-05-04 22:47:57
487,Sioux Lookout,75,CA,1588632478,31,50.1,-91.92,10.0,3.1,2020-05-04 22:47:58
488,Nuuk,40,GL,1588632478,74,64.18,-51.72,-1.0,1.0,2020-05-04 22:47:58
489,Daşoguz,0,TM,1588632478,77,41.84,59.97,18.0,6.2,2020-05-04 22:47:58
490,Zemio,5,CF,1588632479,74,5.03,25.14,21.92,1.57,2020-05-04 22:47:59
491,Naze,75,JP,1588632479,94,28.37,129.48,23.0,1.0,2020-05-04 22:47:59
492,Waterfoot,0,GB,1588632479,88,53.69,-2.25,7.22,5.71,2020-05-04 22:47:59
493,Boguchany,100,RU,1588632479,73,58.38,97.45,8.58,3.48,2020-05-04 22:47:59
494,Tilichiki,98,RU,1588632480,94,60.47,166.1,-3.7,3.7,2020-05-04 22:48:00
495,Verāval,0,IN,1588632481,85,20.9,70.37,27.11,5.16,2020-05-04 22:48:01
496,Chute-aux-Outardes,90,CA,1588632481,86,49.12,-68.4,3.0,7.7,2020-05-04 22:48:01
497,Waingapu,60,ID,1588632481,79,-9.66,120.26,25.54,3.9,2020-05-04 22:48:01
498,Nainital,100,IN,1588632482,51,29.4,79.45,10.44,1.98,2020-05-04 22:48:02
499,Działdowo,49,PL,1588632482,80,53.24,20.17,7.04,2.59,2020-05-04 22:48:02
500,San Patricio,40,MX,1588632482,83,19.22,-104.7,25.0,2.6,2020-05-04 22:48:02
501,Karibib,0,NA,1588632483,22,-21.93,15.83,17.73,1.03,2020-05-04 22:48:03
502,Beberibe,75,BR,1588632483,83,-4.18,-38.13,25.0,3.1,2020-05-04 22:48:03
503,Júlio de Castilhos,97,BR,1588632483,54,-29.23,-53.68,17.27,3.2,2020-05-04 22:48:03
504,El Sauzal de Rodríguez,1,MX,1588632483,76,31.9,-116.68,22.78,1.79,2020-05-04 22:48:03
505,Valparaíso,92,CL,1588632233,48,-33.04,-71.63,18.0,8.7,2020-05-04 22:43:53
506,Guarapari,26,BR,1588632484,73,-20.67,-40.5,24.0,2.6,2020-05-04 22:48:04
507,Kabanjahe,40,ID,1588632484,100,3.1,98.49,26.0,1.0,2020-05-04 22:48:04
508,Honiara,20,SB,1588632484,74,-9.43,159.95,29.0,1.0,2020-05-04 22:48:04
509,Enshi,98,CN,1588632485,70,30.3,109.48,20.32,0.36,2020-05-04 22:48:05
510,Norman Wells,75,CA,1588632485,55,65.28,-126.83,4.0,8.2,2020-05-04 22:48:05
511,Togur,100,RU,1588632485,91,58.36,82.83,3.01,6.06,2020-05-04 22:48:05
512,Annau,36,TM,1588632486,68,37.89,58.52,19.0,2.1,2020-05-04 22:48:06
513,Vanimo,100,PG,1588632486,75,-2.67,141.3,27.81,2.76,2020-05-04 22:48:06
514,Samur,99,RU,1588632486,78,41.83,48.49,13.38,0.91,2020-05-04 22:48:06
515,Soe,100,ID,1588632487,70,-9.86,124.28,19.76,1.98,2020-05-04 22:48:07
516,Belaya Gora,94,RU,1588632487,96,68.53,146.42,-5.02,1.41,2020-05-04 22:48:07
517,Asău,98,RO,1588632487,85,46.43,26.4,9.44,1.58,2020-05-04 22:48:07
518,Portree,3,GB,1588632487,74,57.41,-6.19,4.44,1.74,2020-05-04 22:48:07
519,Ipixuna,75,BR,1588632488,94,-1.76,-48.8,25.0,1.5,2020-05-04 22:48:08
520,Huadian,5,CN,1588632488,48,42.96,126.75,9.85,1.16,2020-05-04 22:48:08
521,Makkah al Mukarramah,0,SA,1588632488,27,21.43,39.83,25.83,0.61,2020-05-04 22:48:08
522,Nkwerre,85,NG,1588632488,87,5.76,7.11,25.05,0.47,2020-05-04 22:48:08
523,Sabha,0,LY,1588632238,20,27.04,14.43,23.54,5.25,2020-05-04 22:43:58
524,Riorges,51,FR,1588632489,67,46.04,4.05,17.0,3.6,2020-05-04 22:48:09
525,Kota Kinabalu,20,MY,1588632274,88,5.97,116.07,26.11,1.5,2020-05-04 22:44:34
526,Marsh Harbour,0,BS,1588632489,64,26.54,-77.06,24.11,2.8,2020-05-04 22:48:09
527,Puerto El Triunfo,20,SV,1588632490,70,13.28,-88.55,31.0,3.6,2020-05-04 22:48:10
528,Elatia,20,GR,1588632490,38,39.81,22.54,16.0,3.1,2020-05-04 22:48:10
529,Parit Buntar,20,MY,1588632490,88,5.13,100.49,27.0,1.21,2020-05-04 22:48:10
530,Petropavlovsk-Kamchatskiy,75,RU,1588632490,100,53.05,158.65,3.0,7.0,2020-05-04 22:48:10
531,Karratha,0,AU,1588632491,48,-20.74,116.85,20.61,3.63,2020-05-04 22:48:11
532,Departamento de Maldonado,100,UY,1588632491,89,-34.67,-54.92,15.56,2.26,2020-05-04 22:48:11
533,Plettenberg Bay,16,ZA,1588632491,70,-34.05,23.37,16.43,3.48,2020-05-04 22:48:11
534,Shikarpur,2,PK,1588632492,35,27.96,68.64,27.98,1.32,2020-05-04 22:48:12
535,Poli,40,TZ,1588632492,93,-3.33,36.8,21.0,2.1,2020-05-04 22:48:12
536,Kununurra,86,AU,1588632492,28,-15.77,128.73,22.0,2.6,2020-05-04 22:48:12
537,Caxito,40,AO,1588632493,88,-8.58,13.66,26.0,1.5,2020-05-04 22:48:13
538,Yulara,0,AU,1588632421,42,-25.24,130.99,9.0,3.6,2020-05-04 22:47:01
539,Faaborg,0,DK,1588632493,81,55.1,10.24,7.0,4.6,2020-05-04 22:48:13
540,Guiren,100,CN,1588632494,83,33.67,118.19,13.0,6.68,2020-05-04 22:48:14
541,Ouadda,49,CF,1588632494,71,8.08,22.4,21.24,1.57,2020-05-04 22:48:14
542,Tomigusuku,75,JP,1588632494,94,26.18,127.67,25.0,3.6,2020-05-04 22:48:14
543,Āzādshahr,32,IR,1588632495,25,34.79,48.57,12.87,3.37,2020-05-04 22:48:15
544,Eyl,100,SO,1588632495,72,7.98,49.82,28.53,1.26,2020-05-04 22:48:15
545,La Rioja,61,ES,1588632382,72,42.25,-2.5,18.0,1.5,2020-05-04 22:46:22
546,Carutapera,86,BR,1588632495,92,-1.2,-46.02,25.32,2.59,2020-05-04 22:48:15
547,Dhārchula,66,IN,1588632496,33,29.85,80.53,13.76,2.93,2020-05-04 22:48:16
548,Nizhniy Kuranakh,27,RU,1588632496,63,58.84,125.49,3.63,0.16,2020-05-04 22:48:16
549,Aktau,51,KZ,1588632496,63,43.65,51.2,17.0,6.0,2020-05-04 22:48:16
550,Mosquera,75,CO,1588632497,48,4.71,-74.23,19.0,1.5,2020-05-04 22:48:17
551,Fort Frances,1,CA,1588632497,34,48.6,-93.4,12.22,4.6,2020-05-04 22:48:17
552,Kysyl-Syr,15,RU,1588632498,75,63.9,122.76,2.59,1.19,2020-05-04 22:48:18
553,Neuquén,74,AR,1588632498,42,-38.95,-68.06,17.0,4.1,2020-05-04 22:48:18
554,Port Lincoln,31,AU,1588632498,50,-34.73,135.87,14.81,6.55,2020-05-04 22:48:18
555,Dalvik,20,IS,1588632499,69,65.97,-18.53,10.0,17.5,2020-05-04 22:48:19
556,Kashary,87,RU,1588632499,90,49.04,41.01,13.83,4.15,2020-05-04 22:48:19
557,Pasaquina,73,SV,1588632499,40,13.58,-87.84,35.11,2.9,2020-05-04 22:48:19
558,Husavik,20,IS,1588632500,63,66.04,-17.34,10.0,17.5,2020-05-04 22:48:20
559,Nouakchott,0,MR,1588632500,73,18.09,-15.98,23.0,8.2,2020-05-04 22:48:20
560,Kiryat Gat,0,IL,1588632500,71,31.61,34.76,20.0,1.17,2020-05-04 22:48:20
561,Skuodas,100,LT,1588632500,93,56.27,21.53,6.0,1.44,2020-05-04 22:48:20
562,Banda Aceh,84,ID,1588632501,77,5.56,95.32,27.1,3.35,2020-05-04 22:48:21
563,São Filipe,44,CV,1588632501,68,14.9,-24.5,24.71,6.23,2020-05-04 22:48:21
564,Farafangana,40,MG,1588632501,89,-22.82,47.83,21.58,3.67,2020-05-04 22:48:21
565,Puerto Escondido,5,MX,1588632365,66,15.85,-97.07,32.0,3.1,2020-05-04 22:46:05
566,Sorong,100,ID,1588632502,78,-0.88,131.25,27.88,3.43,2020-05-04 22:48:22
567,Necochea,44,AR,1588632373,82,-38.55,-58.74,13.33,0.89,2020-05-04 22:46:13
568,Dillon,75,US,1588632502,45,34.42,-79.37,28.33,2.6,2020-05-04 22:48:22
569,Antsohihy,0,MG,1588632502,78,-14.88,47.99,22.63,1.98,2020-05-04 22:48:22
570,Ushtobe,72,KZ,1588632503,36,45.25,77.98,11.36,10.03,2020-05-04 22:48:23
571,Mayumba,100,GA,1588632503,89,-3.43,10.66,26.07,1.04,2020-05-04 22:48:23
572,Ongandjera,0,NA,1588632503,19,-17.88,15.07,21.72,2.17,2020-05-04 22:48:23
573,Launceston,90,AU,1588632503,93,-41.45,147.17,8.33,0.94,2020-05-04 22:48:23
574,Chimoio,20,MZ,1588632504,87,-19.12,33.48,15.0,1.53,2020-05-04 22:48:24
